,Unnamed: 0,Instituto,Localidad,Presentados,Aptos,Media Expediente,Media PAU,coordinate,NumBib 2 km,NumBib 5 km,NumBib 8 km,NumBib 10 km,lat,long,income
0,0,CENTRE PRIVAT LA PURÍSIMA,ALZIRA,34,34,7.9,6.6,"[39.153307, -0.4422964]",0,3,7,7,39.153307,-0.4422964,10512.0
1,1,IES REI EN JAUME,ALZIRA,59,56,7.6,6.2,"[39.146734, -0.4306395]",0,1,5,7,39.146734,-0.4306395,9116.0
2,2,IES JOSÉ MARÍA PARRA,ALZIRA,39,36,7.0,5.2,"[39.1569694, -0.4292533]",0,1,5,7,39.1569694,-0.4292533,6739.0
3,3,CENTRE PRIVAT NUESTRA SEÑORA DE LA SALUD,ALGEMESÍ,30,30,8.2,7.1,"[39.1827727, -0.4375332]",1,3,6,9,39.1827727,-0.4375332,4631.0
4,4,IES SANT VICENT FERRER,ALGEMESÍ,30,30,8.0,7.1,"[39.1858352, -0.4375209]",1,3,6,9,39.1858352,-0.4375209,9683.0
5,5,IES BERNAT GUINOVART,ALGEMESÍ,44,42,7.4,6.4,"[39.19540689999999, -0.4249834]",1,4,6,11,39.19540689999999,-0.4249834,4631.0
6,6,IES FRANCESC GIL,CANALS,24,24,7.9,6.7,"[38.9547227, -0.5912071]",0,0,3,5,38.9547227,-0.5912071,8858.0
7,7,CENTRE PRIVAT MARÍA INMACULADA,CARCAIXENT,29,28,8.0,6.4,"[39.121994, -0.447604]",0,0,5,6,39.121994,-0.447604,11698.0
8,8,CENTRE PRIVAT SAN ANTONIO DE PADUA,CARCAIXENT,38,36,7.6,5.8,"[39.1209211, -0.4521141]",0,0,5,6,39.1209211,-0.4521141,9170.0
9,9,IES RICARDO MARÍN IBÁNEZ,CHESTE,25,25,8.0,6.8,"[39.49828189999999, -0.6861262]",0,1,48,50,39.49828189999999,-0.6861262,8764.0
10,10,CENTRO PRIVADO COLEGIO DE LEVANTE,CHIVA,13,13,8.2,6.3,"[39.4329434, -0.5593703999999999]",1,5,11,20,39.4329434,-0.5593703999999999,13531.0
11,11,CENTRE PRIVAT ESCOLÀPIES GANDIA,GANDIA,70,69,7.9,6.2,"[38.968272, -0.183721]",13,22,27,31,38.968272,-0.183721,9914.0
12,12,CENTRE PRIVAT REAL COLEGIO ESCUELAS PÍAS,GANDIA,62,62,8.1,6.7,"[38.9687529, -0.1812077]",13,22,27,31,38.9687529,-0.1812077,14071.0
13,13,IES AUSIÀS MARCH,GANDIA,36,36,7.7,6.5,"[38.9658533, -0.1864519]",13,22,27,31,38.9658533,-0.1864519,12217.0
14,14,IES MARÍA ENRÍQUEZ,GANDIA,104,101,7.4,5.9,"[38.9599226, -0.1819695]",15,22,28,31,38.9599226,-0.1819695,6643.0
15,15,CENTRE PRIVAT CLARET,XÀTIVA,47,47,7.5,6.2,"[38.9920641, -0.5279794]",3,4,4,7,38.9920641,-0.5279794,10422.0
16,16,IES JOSÉ DE RIBERA,XÀTIVA,124,112,7.8,5.8,"[38.9914006, -0.5162515]",3,4,4,6,38.9914006,-0.5162515,11850.0
17,17,IES JOSÉ RODRIGO BOTET,MANISES,31,30,7.7,6.1,"[39.4951039, -0.4710522]",3,20,102,221,39.4951039,-0.4710522,8366.0
18,18,CENTRE PRIVAT SAN JOSÉ DE LA MONTAÑA,OLIVA,20,17,7.2,4.9,"[38.9243446, -0.1076084]",5,6,19,31,38.9243446,-0.1076084,10833.0
19,19,IES GREGORI MAIANS,OLIVA,37,34,8.0,5.7,"[38.9231616, -0.1149318]",4,7,21,31,38.9231616,-0.1149318,9427.0
20,20,IES GABRIEL CÍSCAR,OLIVA,36,35,7.6,6.5,"[38.912245, -0.11153]",2,6,11,30,38.912245,-0.11153,7242.0
21,21,CENTRE PRIVAT LAS COLINAS,GANDIA,21,20,8.1,6.0,"[38.968032, -0.1844671]",13,22,27,31,38.968032,-0.1844671,9914.0
22,22,CENTRE PRIVAT MARÍA DE ICÍAR,RIBA-ROJA DE TURIA,3,1,6.5,3.3,"[39.5309402, -0.5381519]",0,4,14,27,39.5309402,-0.5381519,12152.0
23,23,CENTRE PRIVAT ASUNCIÓN DE NUESTRA SEÑORA,RIBA-ROJA DE TURIA,29,29,8.6,7.7,"[39.5426517, -0.5672416]",0,2,9,19,39.5426517,-0.5672416,7806.0
24,24,IES EDUARDO MERELLÓ,SAGUNT,33,32,7.2,5.7,"[39.6647934, -0.2273579999999999]",4,8,8,24,39.6647934,-0.2273579999999999,11743.0
25,25,IES JORGE JUAN,SAGUNT,20,18,7.1,5.2,"[39.6741841, -0.2504023]",3,8,23,24,39.6741841,-0.2504023,5548.0
26,26,CENTRE PRIVAT ADVENTISTA,SAGUNT,23,18,7.7,5.5,"[39.6812251, -0.2857706]",3,21,24,24,39.6812251,-0.2857706,8014.0
27,27,IES CLOT DEL MORO,SAGUNT,98,83,7.4,5.6,"[39.6758391, -0.2913147]",3,20,24,24,39.6758391,-0.2913147,8319.0
28,28,IES CAMP DE MORVEDRE,SAGUNT,73,70,7.6,6.5,"[39.671025, -0.247192]",4,8,20,24,39.671025,-0.247192,5548.0
29,29,IES JAUME II EL JUST,TAVERNES DE VALLDIGNA,51,48,7.7,6.0,"[39.0773423, -0.2594614]",2,2,5,8,39.0773423,-0.2594614,9427.0
30,30,CENTRE PRIVAT JULIO VERNE,TORRENT,27,27,8.4,7.1,"[39.4167821, -0.4997963]",1,14,23,68,39.4167821,-0.4997963,13683.0
31,31,CENTRE PRIVAT MADRE SACRAMENTO,TORRENT,19,19,7.3,5.7,"[39.425155, -0.4846692]",4,16,41,100,39.425155,-0.4846692,14775.0
32,32,CENTRE PRIVAT EL VEDAT,TORRENT,44,42,8.3,6.6,"[39.430622, -0.490839]",4,16,40,92,39.430622,-0.490839,10934.0
33,33,CENTRE PRIVAT NUESTRA SEÑORA DEL MONTE SIÓN,TORRENT,40,39,7.5,6.2,"[39.4325592, -0.4642031]",7,23,84,210,39.4325592,-0.4642031,8966.0
34,34,CENTRE PRIVAT LA PURÍSIMA ,TORRENT,30,29,7.3,5.9,"[39.4372348, -0.4671854]",12,23,89,211,39.4372348,-0.4671854,10727.0
35,35,IES TIRANT LO BLANC ,TORRENT,25,21,7.6,5.2,"[39.43376, -0.4639934]",8,23,97,213,39.43376,-0.4639934,10038.0
36,36,CENTRE PRIVAT ESCLAVAS DE MARÍA,VALÈNCIA,34,34,7.4,6.2,"[39.4654886, -0.392944]",113,222,260,270,39.4654886,-0.392944,12679.0
37,37,CENTRE PRIVAT JESÚS MARÍA,VALÈNCIA,81,79,7.7,6.4,"[39.4730611, -0.3876744]",127,220,259,269,39.4730611,-0.3876744,13562.0
38,38,CENTRE PRIVAT INMACULADO CORAZÓN DE MARÍA,VALÈNCIA,50,47,7.4,5.9,"[39.4733996, -0.3929269]",127,216,261,274,39.4733996,-0.3929269,15140.0
39,39,CENTRE PRIVAT SAN PEDRO PASCUAL,VALÈNCIA,63,63,8.1,6.7,"[39.4737724, -0.3919288]",132,217,260,274,39.4737724,-0.3919288,15140.0
40,40,CENTRE INTEGRAT LA PURÍSIMA-FRANCISCANAS,VALÈNCIA,39,37,8.2,6.2,"[39.46448729999999, -0.4047591]",44,202,260,272,39.46448729999999,-0.4047591,13613.0
41,41,CENTRE PRIVAT NUESTRA SEÑORA DE FÁTIMA,VALÈNCIA,31,29,8.0,6.2,"[39.4681532, -0.4045195]",53,201,261,277,39.4681532,-0.4045195,8201.0
42,42,CENTRE PRIVAT SAN JUAN BOSCO,VALÈNCIA,9,8,7.2,5.6,"[39.45321, -0.3702412]",42,220,246,266,39.45321,-0.3702412,10168.0
43,43,CENTRE PRIVAT SAGRADA FAMILIA,VALÈNCIA,51,49,8.0,6.5,"[39.4886241, -0.4018477]",35,201,259,274,39.4886241,-0.4018477,16305.0
44,44,CENTRE PRIVAT NUESTRA SEÑORA DEL PILAR,VALÈNCIA,122,120,8.1,6.6,"[39.4766199, -0.35503]",88,199,242,259,39.4766199,-0.35503,17992.0
45,45,CENTRE PRIVAT PUREZA DE MARÍA,VALÈNCIA,55,54,7.8,6.4,"[39.4658243, -0.3320399]",21,167,228,246,39.4658243,-0.3320399,9004.0
46,46,CENTRE PRIVAT ESCUELAS SAN JOSÉ (I. POLIT.),VALÈNCIA,110,105,7.6,6.2,"[39.4865199, -0.3975221]",47,213,256,275,39.4865199,-0.3975221,16305.0
47,47,IES JORDI DE SANT JORDI,VALÈNCIA,8,8,7.9,6.1,"[39.4528138, -0.3636092]",27,212,245,264,39.4528138,-0.3636092,6390.0
48,48,IES JUAN DE GARAY,VALÈNCIA,71,67,7.3,6.2,"[39.4548243, -0.3957476]",31,202,260,269,39.4548243,-0.3957476,9951.0
49,49,IES CID CAMPEADOR,VALÈNCIA,51,50,7.7,6.6,"[39.4655803, -0.3995238]",76,210,260,272,39.4655803,-0.3995238,8994.0
50,50,IES JOANOT MARTORELL,VALÈNCIA,51,48,7.5,5.9,"[39.4404695, -0.390366]",5,191,257,263,39.4404695,-0.390366,9190.0
51,51,IES EL CABANYAL,VALÈNCIA,67,64,7.7,6.5,"[39.4755166, -0.340162]",37,178,235,251,39.4755166,-0.340162,16613.0
52,52,CENTRE PRIVAT SALESIANOS-SAN JUAN BOSCO,VALÈNCIA,67,67,7.9,6.3,"[39.45321, -0.3702412]",42,220,246,266,39.45321,-0.3702412,10168.0
53,53,CENTRE PRIVAT AULA 3,VALÈNCIA,41,39,6.5,5.8,"[39.4762006, -0.3611195]",123,206,245,265,39.4762006,-0.3611195,19867.0
54,54,CENTRE PRIVAT SANTA TERESA DE JESÚS,TORRENT,80,78,7.6,6.4,"[39.4290221, -0.4821269]",6,16,61,123,39.4290221,-0.4821269,14775.0
55,55,IES FONT DE SANT LLUÍS,VALÈNCIA,40,39,7.4,6.5,"[39.4543687, -0.3642333]",39,214,245,265,39.4543687,-0.3642333,6222.0
56,56,IES TIRANT LO BLANC,GANDIA,37,37,8.1,6.0,"[38.9788876, -0.1805197]",13,20,26,31,38.9788876,-0.1805197,13047.0
57,57,IES DISTRICTE MARÍTIM,VALÈNCIA,82,80,7.8,6.1,"[39.4597136, -0.3441864]",24,180,234,251,39.4597136,-0.3441864,17925.0
58,58,IES SALVADOR GADEA,ALDAIA,67,67,7.7,6.3,"[39.4595361, -0.4704483]",7,31,122,233,39.4595361,-0.4704483,8822.0
59,59,IES LA VALLDIGNA,VALLDIGNA,27,26,7.9,6.1,"[39.069754, -0.277281]",2,3,5,6,39.069754,-0.277281,13209.0
60,60,IES LA MARXADELLA,TORRENT,43,42,7.6,6.2,"[39.4273679, -0.4764862]",6,16,67,156,39.4273679,-0.4764862,10260.0
61,61,IES GONZALO ANAYA,XIRIVELLA,24,21,7.9,5.6,"[39.4616532, -0.4339454]",10,118,244,273,39.4616532,-0.4339454,9615.0
62,62,CENTRE PRIVAT MARTÍ SOROLLA II,VALÈNCIA,44,41,8.0,6.3,"[39.4540985, -0.377279]",56,221,252,267,39.4540985,-0.377279,12853.0
63,63,CENTRE PRIVAT JUAN COMENIUS,VALÈNCIA,26,26,7.8,6.7,"[39.488954, -0.38429]",76,210,248,274,39.488954,-0.38429,8742.0
64,64,IES PERE BOÏL,MANISES,60,60,8.2,7.2,"[39.49935079999999, -0.4712259]",3,15,97,221,39.49935079999999,-0.4712259,9071.0
65,65,IES LA SÈNIA,PAIPORTA,27,26,8.1,6.3,"[39.4228205, -0.4154053]",5,42,218,264,39.4228205,-0.4154053,9785.0
66,66,IES RAMON LLULL,VALÈNCIA,43,42,7.7,6.9,"[39.4759614, -0.3462188]",44,190,240,253,39.4759614,-0.3462188,16613.0
67,67,CENTRE PRIVAT LOS NARANJOS,GANDIA,18,17,7.4,5.4,"[38.970804, -0.199602]",13,22,26,29,38.970804,-0.199602,8900.0
68,68,CENTRE PRIVAT GREGORI MAYANS I CISCAR,GANDIA,25,25,8.0,6.7,"[38.967816, -0.1759844]",13,22,29,31,38.967816,-0.1759844,10757.0
69,69,IES RAMON MUNTANER,XIRIVELLA,29,29,7.1,6.1,"[39.4632538, -0.4294602]",20,159,254,274,39.4632538,-0.4294602,9615.0
70,70,IES ENRIC VALOR,PICANYA,42,42,7.5,6.3,"[39.4338242, -0.4298698]",1,63,223,265,39.4338242,-0.4298698,10989.0
71,71,IES NÚMERO 26,VALÈNCIA,47,46,7.6,6.3,"[39.4644571, -0.4113773]",36,193,261,276,39.4644571,-0.4113773,6920.0
72,72,IES BALEARES,VALÈNCIA,19,19,7.7,6.5,"[39.4588061, -0.3411885000000001]",19,173,231,249,39.4588061,-0.3411885000000001,8221.0
73,73,IES DOCTOR LLUÍS SIMARRO LACABRA,XÀTIVA,32,31,7.4,6.1,"[38.9864824, -0.5354864]",2,4,4,5,38.9864824,-0.5354864,9309.0
74,74,IES LA GARRIGOSA,MELIANA,36,35,7.7,6.2,"[39.5258099, -0.3467532]",4,29,197,240,39.5258099,-0.3467532,12140.0
75,75,IES SERRA PERENXISA,TORRENT,4,4,8.4,6.4,"[39.4295152, -0.4660814]",8,19,80,205,39.4295152,-0.4660814,7112.0
76,76,IES FRANCESC FERRER I GUÀRDIA,VALÈNCIA,46,46,7.7,6.6,"[39.4819796, -0.355015]",67,197,242,258,39.4819796,-0.355015,22000.0
77,77,IES LA SENDA,QUART DE POBLET,48,46,7.3,6.1,"[39.4777606, -0.431746]",21,151,251,274,39.4777606,-0.431746,10483.0
78,78,IES JOSÉ BALLESTER GOZALVO,VALÈNCIA,28,24,7.1,5.6,"[39.4967105, -0.3798451]",20,205,240,268,39.4967105,-0.3798451,10452.0
79,79,IES MARÍA MOLINER,SAGUNT,27,26,8.1,6.5,"[39.6639626, -0.2239712]",3,5,8,20,39.6639626,-0.2239712,11387.0
80,80,IES LA VALL DE SEGÓ,BENIFAIRÓ DE LES VALLS,18,18,8.0,7.0,"[39.7334536, -0.2654006]",0,0,7,25,39.7334536,-0.2654006,9531.0
81,81,IES DE ENGUERA,ENGUERA,26,26,7.9,6.5,"[38.981119, -0.6864621]",1,1,1,1,38.981119,-0.6864621,8829.0
82,82,IES PLA DE NADAL,RIBA-ROJA DEL TURIA,30,29,7.5,6.2,"[39.54627960000001, -0.5795985]",0,4,9,13,39.54627960000001,-0.5795985,9226.0
83,83,IES CARLES SALVADOR,ALDAIA,32,32,7.8,6.2,"[39.46106049999999, -0.4574421]",8,51,201,253,39.46106049999999,-0.4574421,8822.0
84,84,IES DE MOIXENT,MOIXENT,37,37,8.1,6.0,"[38.8718417, -0.7584636]",1,1,1,1,38.8718417,-0.7584636,7603.0
85,85,IES JOAN FUSTER,BELLREGUARD,54,49,8.1,6.3,"[38.9447639, -0.1662852]",2,21,29,30,38.9447639,-0.1662852,9980.0
86,86,IES SIVERA FONT,CANALS,39,35,7.8,5.9,"[38.9707334, -0.5795964000000001]",0,1,4,5,38.9707334,-0.5795964000000001,9542.0
87,87,IES VALL DE LA SAFOR,VILALLONGA,19,19,7.7,5.9,"[38.8880748, -0.2119549]",0,1,9,26,38.8880748,-0.2119549,8500.0
88,88,IES ARABISTA RIBERA,CARCAIXENT,31,29,7.7,6.3,"[39.1248517, -0.4355882]",0,0,4,7,39.1248517,-0.4355882,11963.0
89,89,IES NÚMERO 1,CHESTE,11,9,7.7,4.9,"[39.4791504, -0.6457258]",0,0,2,52,39.4791504,-0.6457258,8764.0
90,90,IES MONTDÚVER,XERACO,22,19,8.0,6.1,"[39.0367327, -0.2190023]",1,2,10,21,39.0367327,-0.2190023,9323.0
91,91,IES LA CANAL DE NAVARRÉS,NAVARRÉS,21,19,7.5,5.5,"[39.10426229999999, -0.6998742]",0,0,0,0,39.10426229999999,-0.6998742,8745.0
92,92,IES VELES E VENTS,GANDIA,35,33,7.6,6.2,"[38.9986964, -0.1656236]",3,17,24,27,38.9986964,-0.1656236,10032.0
93,93,IES MARJANA,CHIVA,43,40,7.3,5.9,"[39.4686342, -0.7091394999999999]",1,48,48,49,39.4686342,-0.7091394999999999,11992.0
94,94,IES CONSELLERIA,VALÈNCIA,47,40,7.3,5.4,"[39.485209, -0.393131]",65,214,255,275,39.485209,-0.393131,16056.0
95,95,IES LES FOIES,BENIGÀNIM,44,43,7.8,6.3,"[38.938342, -0.4431895]",0,2,3,6,38.938342,-0.4431895,7881.0
96,96,IES EL RAVATXOL,VALÈNCIA,20,19,7.9,6.4,"[39.4268112, -0.3614869]",5,75,230,254,39.4268112,-0.3614869,10371.0
97,97,IES AUSIÀS MARCH ,MANISES,46,42,7.7,6.1,"[39.49523, -0.456638]",6,38,197,251,39.49523,-0.456638,10917.0
98,98,IES RIU TÚRIA ,QUART DE POBLET,20,20,7.8,6.8,"[39.4861105, -0.4471045]",6,66,218,268,39.4861105,-0.4471045,8165.0
99,99,IES SUCRO,ALBALAT DE LA RIBERA,42,39,7.9,5.6,"[39.20499, -0.3854605]",1,2,4,8,39.20499,-0.3854605,8897.0
100,100,IES BEATRIU CIVERA,ALDAIA,25,22,7.3,5.4,"[39.4725239, -0.4612212000000001]",4,46,191,252,39.4725239,-0.4612212000000001,7946.0
101,101,IES VELES E VENTS,TORRENT,33,32,7.5,6.0,"[39.4234477, -0.4767894]",6,16,64,128,39.4234477,-0.4767894,10399.0
102,102,IES MALILLA,VALÈNCIA,30,30,7.7,7.2,"[39.4521217, -0.3796425]",42,222,255,267,39.4521217,-0.3796425,9866.0
103,103,IES ALCALANS,MONTSERRAT,23,23,7.5,6.0,"[39.3562539, -0.6064435]",0,1,3,6,39.3562539,-0.6064435,9079.0
104,104,IES ESCULTOR EN FRANCESC BADIA,FOIOS,34,32,7.4,5.6,"[39.5327488, -0.35476]",4,19,184,241,39.5327488,-0.35476,11696.0
105,105,IES PERE D'ESPLUGUES,LA POBLA LLARGA,39,39,7.7,6.3,"[39.0878722, -0.4763802]",0,1,2,4,39.0878722,-0.4763802,9499.0
106,106,IES LA MURTA,ALZIRA,49,46,7.6,5.9,"[39.157762, -0.4356668]",0,2,7,7,39.157762,-0.4356668,11128.0
107,107,IES EL QUINT,RIBA-ROJA DEL TURIA,30,30,7.5,6.6,"[39.548139, -0.5627646]",0,2,9,20,39.548139,-0.5627646,12152.0
108,108,IES ABASTOS,VALÈNCIA,31,30,7.5,6.5,"[39.4680183, -0.3882149]",128,221,262,269,39.4680183,-0.3882149,13156.0
109,109,IES ANDREU ALFARO,PAIPORTA,34,33,7.2,5.9,"[39.430333, -0.411849]",6,78,236,265,39.430333,-0.411849,13204.0
110,110,CENTRE PRIVAT MADRE JOSEFA CAMPOS,ALAQUÀS,21,21,8.0,6.2,"[39.45796989999999, -0.4554362]",8,50,203,256,39.45796989999999,-0.4554362,8386.0
111,111,IES DOCTOR FAUSTÍ BARBERÁ,ALAQUÀS,28,28,8.0,6.2,"[39.4522701, -0.4617859]",10,43,185,235,39.4522701,-0.4617859,9164.0
112,112,IES JOSEP SEGRELLES,ALBAIDA,53,53,7.7,6.4,"[38.8357169, -0.5243968]",0,2,7,7,38.8357169,-0.5243968,7896.0
113,113,CENTRE PRIVAT PARROQUIAL DON JOSÉ LLUCH,ALBORAIA,72,70,7.1,5.6,"[39.50047989999999, -0.3538495]",9,178,231,256,39.50047989999999,-0.3538495,11944.0
114,114,CENTRE PRIVAT NUESTRA SEÑORA DEL SOCORRO,BENETÚSSER,53,49,7.1,5.7,"[39.4201923, -0.3999691]",11,28,222,261,39.4201923,-0.3999691,8934.0
115,115,IES LA HOYA DE BUÑOL,BUÑOL,41,39,7.4,5.7,"[39.4241529, -0.785619]",0,2,51,51,39.4241529,-0.785619,10113.0
116,116,CENTRE PRIVAT JUAN XXIII,BURJASSOT,27,25,7.5,6.0,"[39.5174161, -0.4167284]",6,57,225,257,39.5174161,-0.4167284,9207.0
117,117,CENTRE PRIVAT LA DEVESA,CARLET,34,34,7.9,6.0,"[39.2289499, -0.532701]",0,2,7,9,39.2289499,-0.532701,6632.0
118,118,IES EDUARDO PRIMO MARQUÉS,CARLET,33,32,7.9,5.9,"[39.2206874, -0.5197545]",0,2,6,9,39.2206874,-0.5197545,9371.0
119,119,IES 9 D'OCTUBRE,CARLET,14,14,7.5,5.6,"[39.228463, -0.5366972]",0,2,7,9,39.228463,-0.5366972,8403.0
120,120,IES BERENGUER DALMAU,CATARROJA,40,40,8.2,6.5,"[39.40947990000001, -0.4040919]",12,20,186,250,39.40947990000001,-0.4040919,11140.0
121,121,IES BLASCO IBÁÑEZ,CULLERA,54,54,7.7,6.8,"[39.1679725, -0.2464107]",2,2,5,6,39.1679725,-0.2464107,8699.0
122,122,CENTRE PRIVAT IALE,L'ELIANA,20,20,7.7,7.1,"[39.565305, -0.54481]",2,6,17,21,39.565305,-0.54481,18571.0
123,123,CENTRE PRIVAT SAGRADO CORAZÓN,GODELLA,85,83,7.5,6.1,"[39.5170767, -0.4075378]",5,62,229,260,39.5170767,-0.4075378,11213.0
124,124,CENTRE PRIVAT SAN BARTOLOMÉ,GODELLA,24,24,7.7,6.2,"[39.518844, -0.410424]",5,53,226,259,39.518844,-0.410424,11213.0
125,125,CENTRE PRIVAT LUIS AMIGÓ,GODELLA,115,109,7.3,6.2,"[39.5286208, -0.4175167]",2,23,203,247,39.5286208,-0.4175167,16723.0
126,126,CENTRE PRIVAT EDELWEISS,GODELLA,14,14,8.3,7.1,"[39.533098, -0.4309963]",0,21,119,239,39.533098,-0.4309963,19238.0
127,127,CENTRE PRIVAT INSTITUCIÓN CULTURAL DOMUS,GODELLA,43,42,7.9,6.5,"[39.5234308, -0.4156806]",6,39,224,253,39.5234308,-0.4156806,18175.0
128,128,CENTRE PRIVAT FRANCISCO LLOPIS LATORRE,LLÍRIA,30,28,7.4,6.1,"[39.62939530000001, -0.5955861]",3,5,10,11,39.62939530000001,-0.5955861,10613.0
129,129,IES CAMP DE TÚRIA ,LLÍRIA,65,65,7.5,6.1,"[39.6316517, -0.5963824]",3,5,10,11,39.6316517,-0.5963824,10330.0
130,130,CENTRE PRIVAT SAGRADO CORAZÓN,MISLATA,46,45,7.6,6.3,"[39.4753151, -0.4178102]",34,188,256,277,39.4753151,-0.4178102,9777.0
131,131,CENTRE PRIVAT SAN JAIME APÓSTOL,MONCADA,47,46,7.9,6.2,"[39.5450404, -0.3926293]",3,14,97,235,39.5450404,-0.3926293,8697.0
132,132,CENTRE PRIVAT SAN PABLO-CEU,MONCADA,53,53,8.1,6.8,"[39.5497193, -0.3884198]",3,9,64,225,39.5497193,-0.3884198,12913.0
133,133,CENTRE PRIVAT LA CONCEPCIÓN,ONTINYENT,44,44,7.3,6.1,"[38.82895269999999, -0.6070177999999999]",4,4,6,7,38.82895269999999,-0.6070177999999999,10672.0
134,134,CENTRE PRIVAT PUREZA DE MARÍA,ONTINYENT,28,26,8.1,5.8,"[38.820372, -0.6255539999999999]",4,4,5,6,38.820372,-0.6255539999999999,13971.0
135,135,IES L'ESTACIÓ,ONTINYENT,38,38,7.5,7.0,"[38.8098613, -0.6046205]",4,4,6,6,38.8098613,-0.6046205,10024.0
136,136,IES POU CLAR,ONTINYENT,27,24,7.6,6.0,"[38.8266293, -0.6144630999999999]",4,4,6,7,38.8266293,-0.6144630999999999,8349.0
137,137,CENTRE PRIVAT LA SALLE,PATERNA,78,78,7.3,6.9,"[39.4962556, -0.432223]",9,81,238,272,39.4962556,-0.432223,
138,138,CENTRO PRIVADO EL ARMELAR,PATERNA,51,49,7.8,6.1,"[39.5087074, -0.4296576]",8,58,224,264,39.5087074,-0.4296576,
139,139,IES DOCTOR PESET ALEIXANDRE,PATERNA,12,9,7.6,5.2,"[39.5091588, -0.4517221]",3,26,176,249,39.5091588,-0.4517221,
140,140,CENTRE PRIVAT SANTO TOMÁS DE AQUINO,PATERNA,13,13,8.5,7.1,"[39.5317258, -0.4664368]",6,17,45,126,39.5317258,-0.4664368,
141,141,CENTRE PRIVAT AUSIÀS MARCH,PICASSENT,17,17,7.8,5.6,"[39.367415, -0.484004]",0,0,14,30,39.367415,-0.484004,14236.0
142,142,CENTRE PRIVAT ALFINACH,PUÇOL,28,28,8.3,6.9,"[39.624141, -0.3297695]",0,4,24,30,39.624141,-0.3297695,12326.0
143,143,IES OLEANA,REQUENA,33,33,7.6,6.4,"[39.4921699, -1.0946363]",2,2,2,2,39.4921699,-1.0946363,7798.0
144,144,IES NÚMERO 1,REQUENA,60,56,7.8,6.5,"[39.4878928, -1.1078709]",2,2,2,2,39.4878928,-1.1078709,11152.0
145,145,IES MANUEL SANCHIS GUARNER,SILLA,34,31,7.7,6.3,"[39.364989, -0.4128013]",1,6,19,35,39.364989,-0.4128013,10742.0
146,146,IES ENRIC VALOR,SILLA,24,24,7.5,6.3,"[39.3563444, -0.4132214]",0,3,18,33,39.3563444,-0.4132214,9559.0
147,147,CENTRE PRIVAT LA ENCARNACIÓN,SUECA,30,30,7.6,6.2,"[39.2018905, -0.3098024]",2,2,6,7,39.2018905,-0.3098024,10949.0
148,148,IES MIGUEL BALLESTEROS VIANA,UTIEL,28,28,8.1,6.7,"[39.572844, -1.2093195]",2,2,2,2,39.572844,-1.2093195,9253.0
149,149,IES ALAMEDA,UTIEL,18,16,7.3,5.5,"[39.5678118, -1.2122672]",2,2,2,2,39.5678118,-1.2122672,9839.0
150,150,CENTRE PRIVAT ESCUELAS PÍAS,VALÈNCIA,46,43,7.7,5.6,"[39.4738658, -0.3822895]",134,219,254,267,39.4738658,-0.3822895,11809.0
151,151,CENTRE PRIVAT GRAN ASOCIACIÓN,VALÈNCIA,53,53,7.6,6.7,"[39.479752, -0.3778955]",132,218,252,271,39.479752,-0.3778955,13329.0
152,152,CENTRE PRIVAT SAN VICENTE FERRER-DOMINICOS,VALÈNCIA,48,47,7.7,6.5,"[39.46767, -0.369481]",124,216,250,267,39.46767,-0.369481,29364.0
153,153,CENTRE PRIVAT NUESTRA SEÑORA DE LORETO,VALÈNCIA,59,59,8.1,6.6,"[39.4636743, -0.3621244]",104,213,244,266,39.4636743,-0.3621244,19165.0
154,154,CENTRE PRIVAT SAGRADO CORAZÓN HH.MARISTAS,VALÈNCIA,113,109,7.9,6.6,"[39.4649229, -0.363072]",115,212,244,266,39.4649229,-0.363072,19165.0
155,155,CENTRE PRIVAT SANTO TOMÁS DE VILLANUEVA,VALÈNCIA,87,84,7.7,6.1,"[39.4649774, -0.3825884]",119,222,260,269,39.4649774,-0.3825884,16700.0
156,156,CENTRE PRIVAT ESCOLÀPIES VALÈNCIA,VALÈNCIA,84,84,7.8,6.9,"[39.4710103, -0.3858455]",129,219,260,267,39.4710103,-0.3858455,14817.0
157,157,CENTRE PRIVAT MARÍA AUXILIADORA,VALÈNCIA,56,52,7.2,5.9,"[39.4925907, -0.3734607]",46,214,242,267,39.4925907,-0.3734607,8697.0
158,158,CENTRE PRIVAT SANTÍSIMA TRINIDAD,VALÈNCIA,27,24,7.7,6.4,"[39.483897, -0.3772605]",123,217,251,273,39.483897,-0.3772605,13488.0
159,159,CENTRE PRIVAT SAN ANTONIO ABAD,VALÈNCIA,68,67,7.9,6.9,"[39.491716, -0.3737035]",53,214,242,267,39.491716,-0.3737035,10841.0
160,160,CENTRE PRIVAT SAN JOSÉ DE CALASANZ,VALÈNCIA,99,98,7.5,6.3,"[39.4760101, -0.3638117]",128,207,245,265,39.4760101,-0.3638117,19867.0
161,161,CENTRE PRIVAT SAGRADO CORAZÓN DE JESÚS -ESCLAVAS-,VALÈNCIA,46,46,7.5,6.6,"[39.478628, -0.3747944]",132,216,250,268,39.478628,-0.3747944,18087.0
162,162,CENTRE PRIVAT GUADALAVIAR,VALÈNCIA,67,66,9.0,7.3,"[39.4821307, -0.3762011]",128,217,251,271,39.4821307,-0.3762011,14417.0
163,163,CENTRE PRIVAT PÍO XII,VALÈNCIA,47,47,8.0,6.6,"[39.4804483, -0.3928817]",111,214,259,274,39.4804483,-0.3928817,16056.0
164,164,CENTRE PRIVAT PUREZA DE MARÍA,VALÈNCIA,48,44,7.1,6.0,"[39.4658243, -0.3320399]",21,167,228,246,39.4658243,-0.3320399,9004.0
165,165,CENTRE PRIVAT SANTA ANA,VALÈNCIA,33,33,7.7,6.3,"[39.470168, -0.34994]",57,192,239,256,39.470168,-0.34994,10694.0
166,166,CENTRE PRIVAT LA ANUNCIACIÓN,VALÈNCIA,26,26,7.3,5.8,"[39.4616907, -0.334049]",17,163,230,246,39.4616907,-0.334049,11993.0
167,167,CENTRE PRIVAT SAN ROQUE,VALÈNCIA,30,30,7.5,6.1,"[39.4908615, -0.390526]",43,211,249,274,39.4908615,-0.390526,8950.0
168,168,IES LUIS VIVES,VALÈNCIA,170,169,7.5,6.7,"[39.4681254, -0.3777462]",126,218,253,268,39.4681254,-0.3777462,24722.0
169,170,CENTRE PRIVAT ESC. PROF. ARTESANOS,VALÈNCIA,39,39,7.1,6.5,"[39.4638321, -0.369418]",120,218,251,268,39.4638321,-0.369418,14167.0
170,171,IES BENLLIURE,VALÈNCIA,108,107,7.5,6.5,"[39.4832107, -0.3694514]",118,210,249,265,39.4832107,-0.3694514,14669.0
171,172,IES ISABEL DE VILLENA,VALÈNCIA,27,27,8.1,7.1,"[39.4779255, -0.3254136]",18,147,217,245,39.4779255,-0.3254136,11696.0
172,173,IES SOROLLA,VALÈNCIA,51,46,7.7,5.9,"[39.4673708, -0.3386061]",35,175,233,250,39.4673708,-0.3386061,11629.0
173,174,IES LA SERRANÍA,VILLAR ARZOBISPO,32,29,7.9,6.0,"[39.7364511, -0.8264286]",0,0,0,0,39.7364511,-0.8264286,9699.0
174,175,IES LA PATACONA,ALBORAIA,26,26,7.7,6.7,"[39.492859, -0.32615]",6,109,217,243,39.492859,-0.32615,14358.0
175,176,IES EL GRAO,VALÈNCIA,26,26,8.0,6.6,"[39.4621662, -0.3318527]",15,162,228,246,39.4621662,-0.3318527,13096.0
176,177,IES CAMPANAR,VALÈNCIA,16,16,8.7,7.3,"[39.4810428, -0.3985815]",70,213,257,275,39.4810428,-0.3985815,12246.0
177,178,IES VICENTE GANDIA,CASTELLÓN,20,18,7.8,5.9,"[39.0732062, -0.5107889]",0,1,5,8,39.0732062,-0.5107889,8770.0
178,179,IES FERNANDO III,AYORA,21,19,8.4,6.0,"[39.0548704, -1.0543436]",0,0,0,1,39.0548704,-1.0543436,8622.0
179,180,IES ENRIC SOLER I GODES,BENIFAIÓ,37,37,7.2,6.8,"[39.2924592, -0.4245588]",1,4,6,7,39.2924592,-0.4245588,8692.0
180,181,IES LA MORERIA,MISLATA,18,16,7.0,5.6,"[39.4783075, -0.4217933]",24,180,253,277,39.4783075,-0.4217933,9403.0
181,182,CENTRE PRIVAT VILAVELLA,VALÈNCIA,26,26,8.1,7.0,"[39.479054, -0.3928037]",117,215,259,273,39.479054,-0.3928037,16056.0
182,183,IES 25 D'ABRIL,ALFAFAR,23,23,7.6,5.8,"[39.4176377, -0.3958082]",13,30,221,256,39.4176377,-0.3958082,10756.0
183,184,IES EL CLOT,VALÈNCIA,31,26,7.5,5.5,"[39.48935, -0.3795599]",79,213,245,271,39.48935,-0.3795599,11020.0
184,185,IES JAUME I,ONTINYENT,42,42,7.8,6.3,"[38.8216548, -0.5975022000000001]",4,5,6,7,38.8216548,-0.5975022000000001,8425.0
185,186,CENTRE PRIVAT SANTA MARÍA DEL PUIG,EL PUIG DE STA. MARIA,8,8,7.2,5.6,"[39.587379, -0.302808]",0,6,10,27,39.587379,-0.302808,15579.0
186,187,IES VICENT ANDRÉS ESTELLÉS,BURJASSOT,20,20,8.0,6.7,"[39.5107843, -0.4214485]",8,67,232,263,39.5107843,-0.4214485,3593.0
187,188,IES FEDERICA MONTSENY,BURJASSOT,9,9,7.7,5.9,"[39.51070900000001, -0.4224037]",8,64,232,262,39.51070900000001,-0.4224037,3593.0
188,189,CENTRE PRIVAT EL PRAT,LLÍRIA,7,7,7.3,6.9,"[39.6414994, -0.5844542]",2,4,7,11,39.6414994,-0.5844542,11555.0
189,190,IES LES ALFÀBEGUES,BÉTERA,38,34,7.6,5.8,"[39.5956184, -0.4625818]",2,4,16,19,39.5956184,-0.4625818,12035.0
190,191,IES ORRIOLS,VALÈNCIA,4,4,8.3,5.3,"[39.4961636, -0.366851]",19,205,236,264,39.4961636,-0.366851,15930.0
191,192,CENTRE PRIVAT HELIOS,L'ELIANA,28,28,8.0,7.0,"[39.5587686, -0.5062892]",3,12,17,29,39.5587686,-0.5062892,15712.0
192,193,IES LAURONA,LLÍRIA,23,23,8.0,6.1,"[39.6340465, -0.5903876]",3,5,9,11,39.6340465,-0.5903876,9581.0
193,194,IES ENRIQUE TIERNO GALVÁN,MONCADA,21,19,7.6,5.8,"[39.5404213, -0.3931143]",3,16,170,241,39.5404213,-0.3931143,8904.0
194,195,IES BENIMÀMET,VALÈNCIA,27,27,7.5,6.1,"[39.5041014, -0.4239503]",9,89,238,273,39.5041014,-0.4239503,9671.0
195,196,IES DE SEDAVÍ,SEDAVÍ,32,31,7.6,6.0,"[39.4272159, -0.3816264]",12,95,243,260,39.4272159,-0.3816264,8075.0
196,197,IES DE ADEMUZ,ADEMUZ,5,5,8.1,6.7,"[40.0600251, -1.2851013]",0,0,0,1,40.0600251,-1.2851013,8470.0
197,198,IES DE BENAGUASIL,BENAGUASIL,34,30,7.6,5.4,"[39.6004325, -0.5882613]",2,8,9,14,39.6004325,-0.5882613,8406.0
198,199,IES DE BOCAIRENT,BOCAIRENT,11,11,7.4,5.9,"[38.7628382, -0.6165866]",0,0,6,7,38.7628382,-0.6165866,10069.0
199,200,IES DE PUÇOL,PUÇOL,41,41,7.9,6.5,"[39.6151532, -0.3146514]",1,4,24,33,39.6151532,-0.3146514,9243.0
200,201,IES BARRI DEL CARME,VALÈNCIA,50,50,7.5,6.1,"[39.479613, -0.3817596]",129,220,255,272,39.479613,-0.3817596,11395.0
201,202,IES HORT DE FELIU,ALGINET,41,41,7.3,5.9,"[39.2668848, -0.4627491]",2,2,6,12,39.2668848,-0.4627491,9144.0
202,203,IES JOAN LLOPIS MARÍ,CULLERA,28,25,7.2,6.0,"[39.1603218, -0.2587951]",2,3,5,8,39.1603218,-0.2587951,8450.0
203,204,CENTRE PRIVAT GENÇANA,GODELLA,21,21,7.5,7.0,"[39.5301513, -0.4283158]",0,25,160,238,39.5301513,-0.4283158,19238.0
204,205,IES CONSUELO ARANDA,ALBERIC,25,25,7.4,6.5,"[39.1241289, -0.5222749999999999]",1,1,6,8,39.1241289,-0.5222749999999999,9393.0
205,206,IES ELS ÉVOLS,L'ALCÚDIA,38,37,7.7,6.3,"[39.1964161, -0.5006548]",2,4,8,8,39.1964161,-0.5006548,9888.0
206,207,IES JOAN FUSTER,SUECA,76,74,7.7,6.3,"[39.206339, -0.3032666]",2,2,6,7,39.206339,-0.3032666,9272.0
207,208,IES MANUEL SANCHIS GUARNER,CASTELLÓ DE RUGAT,23,23,8.0,6.9,"[38.87072260000001, -0.3827348]",1,1,3,5,38.87072260000001,-0.3827348,8661.0
208,209,IES DE GUADASSUAR,GUADASSUAR,28,28,7.9,6.5,"[39.1890547, -0.4822696]",2,5,6,9,39.1890547,-0.4822696,9463.0
209,210,SECCIÓN DEL IES FERNANDO III EN JALANCE,JALANCE,6,6,7.6,5.4,"[39.192051, -1.071729]",0,0,1,1,39.192051,-1.071729,11232.0
210,211,IES DE TAVERNES BLANQUES,BLANQUES,36,34,7.3,6.0,"[39.5069904, -0.3694086]",9,175,233,260,39.5069904,-0.3694086,9594.0
211,212,IES L'ELIANA,L'ELIANA,50,50,8.1,6.4,"[39.5707, -0.52733]",2,5,16,22,39.5707,-0.52733,15119.0
212,213,IES DE MASSAMAGRELL,MASSAMAGRELL,41,41,7.5,6.1,"[39.5741875, -0.3392404]",4,6,13,30,39.5741875,-0.3392404,9580.0
213,214,IES L'OM,PICASSENT,37,37,7.8,6.6,"[39.3645622, -0.4556]",0,2,15,33,39.3645622,-0.4556,9275.0
214,215,CENTRE PRIVAT PALMA,PATERNA,19,19,7.8,7.4,"[39.5179205, -0.4592106]",1,21,95,225,39.5179205,-0.4592106,
215,216,IES LA VEREDA,LA POBLA DE VALLBONA,53,52,7.4,6.1,"[39.5863783, -0.5400162]",1,6,15,21,39.5863783,-0.5400162,12095.0
216,217,IES VERMELLAR,L'OLLERIA,35,35,7.4,6.3,"[38.90957, -0.5477299999999999]",0,0,1,4,38.90957,-0.5477299999999999,8936.0
217,218,IES DE TURÍS,TURÍS,19,19,7.3,6.6,"[39.3933681, -0.7079422]",1,1,4,5,39.3933681,-0.7079422,8431.0
218,219,IES ALMUSSAFES,ALMUSSAFES,35,35,7.3,6.4,"[39.3057034, -0.4138031]",1,4,6,8,39.3057034,-0.4138031,11689.0
219,220,IES DE MASSANASSA,MASSANASSA,27,25,7.2,5.9,"[39.4121964, -0.3959692]",13,24,209,253,39.4121964,-0.3959692,11773.0
220,221,IES HENRI MATISSE,PATERNA,28,25,7.7,5.8,"[39.5102532, -0.4491332]",1,32,186,251,39.5102532,-0.4491332,
221,222,IES SERPIS,VALÈNCIA,57,55,7.4,6.4,"[39.4735063, -0.3382211]",33,173,231,250,39.4735063,-0.3382211,16613.0
222,223,IES DE RAFELBUNYOL,RAFELBUNYOL,17,17,7.5,6.5,"[39.58516170000001, -0.3319662]",3,7,12,29,39.58516170000001,-0.3319662,11448.0
223,224,IES D'ALBAL,ALBAL,67,59,8.1,6.2,"[39.3991804, -0.409489]",5,16,77,224,39.3991804,-0.409489,8437.0
224,225,IES COMARCAL,BURJASSOT,18,18,7.6,6.3,"[39.51742, -0.41446]",6,60,225,257,39.51742,-0.41446,9207.0
225,226,IES MÚSIC MARTÍN I SOLER,MISLATA,24,23,7.2,5.7,"[39.4806298, -0.4226544]",23,181,258,277,39.4806298,-0.4226544,7970.0
226,227,IES EL SALER,VALÈNCIA,13,13,7.7,6.1,"[39.3821542, -0.3314109]",0,3,24,50,39.3821542,-0.3314109,14540.0
227,228,"IES PATRAIX, VICENTA FERRER ESCRIVÁ",VALÈNCIA,38,38,7.5,6.2,"[39.4606787, -0.3963937]",58,216,260,271,39.4606787,-0.3963937,11465.0
228,229,IES CLARA CAMPOAMOR,ALAQUÀS,32,31,7.8,6.2,"[39.4531049, -0.456221]",9,50,201,245,39.4531049,-0.456221,8960.0
229,230,IES MESTRE RAMÓN ESTEVE,CATADAU,28,28,7.6,5.9,"[39.27769139999999, -0.5678572]",1,1,2,4,39.27769139999999,-0.5678572,9558.0
230,231,"CENTRE PRIVAT FLORIDA, CENTRE D'ENS. SEC.",CATARROJA,47,46,7.4,6.0,"[39.4038783, -0.4034584]",7,19,134,234,39.4038783,-0.4034584,11822.0
231,232,IES DE CÀRCER,CÀRCER,22,21,6.9,5.7,"[39.0718199, -0.5653973]",2,2,3,6,39.0718199,-0.5653973,9541.0
232,233,IES BENICALAP,VALÈNCIA,57,56,7.8,6.6,"[39.4963511, -0.4001912]",17,197,251,272,39.4963511,-0.4001912,11819.0
233,234,IES D'EL PUIG DE SANTA MARIA,EL PUIG DE STA. MARIA,19,19,8.1,6.3,"[39.5927849, -0.3076319]",0,6,10,29,39.5927849,-0.3076319,10863.0
234,235,IES LES RODANES,VILAMARXANT,30,29,7.4,5.9,"[39.5717497, -0.6229085]",2,3,9,11,39.5717497,-0.6229085,8308.0
235,236,IES MOLÍ DEL SOL,MISLATA,27,26,7.5,5.8,"[39.4807647, -0.4172435]",25,188,260,277,39.4807647,-0.4172435,12895.0
236,237,IES GUILLEM D'ALCALÀ,LA POBLA DE FARNALS,16,15,7.9,6.0,"[39.5809259, -0.3293491]",3,7,13,33,39.5809259,-0.3293491,8661.0
237,238,IES D'ALCÀSSER,ALCÀSSER,23,22,7.6,6.2,"[39.3686031, -0.4399661]",0,5,25,35,39.3686031,-0.4399661,10354.0
238,239,CENTRE PRIVAT RIVAS LUNA,L'ELIANA,18,18,7.2,6.2,"[39.5632458, -0.5425975]",2,6,17,22,39.5632458,-0.5425975,18571.0
239,240,IES LA CANYADA,PATERNA,23,23,7.9,6.6,"[39.5212949, -0.4782173999999999]",0,14,55,124,39.5212949,-0.4782173999999999,
240,241,IES RASCANYA-ANTONIO CAÑUELO,VALÈNCIA,18,18,7.6,6.3,"[39.494429, -0.3605372]",29,199,236,257,39.494429,-0.3605372,15930.0
241,242,CENTRE ESPECÍFIC D'EDUCACIÓ A DISTÀNCIA CEED,VALÈNCIA,20,16,6.2,5.0,"[39.464629, -0.411091]",37,194,261,276,39.464629,-0.411091,6920.0
242,243,IES MARÍA CARBONELL I SÁNCHEZ,BENETÚSSER,25,24,7.5,6.4,"[39.419887, -0.4014005]",12,29,223,261,39.419887,-0.4014005,8934.0
243,244,IES DE SAN ANTONIO DE BENAGÉBER,SAN ANTO. DE BENAGÉBER,35,35,7.7,6.8,"[39.5630656, -0.5022515]",3,14,15,29,39.5630656,-0.5022515,13209.0
244,245,CENTRE PRIVAT COMP. PREUNIV. MAS CAMARENA,PATERNA,74,74,8.1,7.2,"[39.5500437, -0.4629734]",7,12,31,68,39.5500437,-0.4629734,
245,246,CENTRE PRIVAT CUMBRES SCHOOL,MONCADA,34,33,8.1,7.1,"[39.5494861, -0.4036889]",3,15,62,225,39.5494861,-0.4036889,12913.0
246,247,IES ÁLVARO FALOMIR,ALMASSORA,17,17,7.1,6.1,"[39.95234689999999, -0.06519559999999999]",2,29,36,38,39.95234689999999,-0.06519559999999999,
247,248,IES DE BETXÍ,BETXÍ,26,26,7.6,6.3,"[39.9312472, -0.2009712]",0,0,3,9,39.9312472,-0.2009712,
248,249,CENTRE PRIVAT LA SALLE,BENICARLÓ,31,29,7.5,6.1,"[40.416915, 0.422644]",1,1,3,3,40.416915,0.422644,
249,250,IES RAMÓN CID ,BENICARLÓ,36,36,7.6,7.1,"[40.4124342, 0.4142029]",1,1,2,3,40.4124342,0.4142029,
250,251,CENTRE PRIVAT SALESIANOS SAN JUAN BAUTISTA,BORRIANA,62,61,7.6,6.4,"[39.8928254, -0.08846269999999999]",1,3,9,11,39.8928254,-0.08846269999999999,
251,252,IES JAUME I,BORRIANA,33,32,7.3,6.4,"[39.886145, -0.094316]",1,2,9,10,39.886145,-0.094316,
252,253,CENTRE PRIVAT NTRA. SRA. DE LA CONSOLACIÓN ,CASTELLÓ DE LA PLANA,55,55,7.8,7.1,"[39.9911352, -0.0310854]",18,27,33,37,39.9911352,-0.0310854,
253,254,CENTRE PRIVAT MADRE VEDRUNA SAGRADO CORAZÓN,CASTELLÓ DE LA PLANA,76,73,7.6,6.5,"[39.9800316, -0.0375723]",18,27,36,37,39.9800316,-0.0375723,
254,255,CENTRE PRIVAT IZQUIERDO-SOROLLA,CASTELLÓ DE LA PLANA,9,8,6.5,5.0,"[39.9849562, -0.04304529999999999]",21,27,36,37,39.9849562,-0.04304529999999999,
255,256,IES FRANCESC RIBALTA,CASTELLÓ DE LA PLANA,174,163,7.3,6.0,"[39.988421, -0.0394283]",20,26,35,37,39.988421,-0.0394283,
256,257,IES PENYAGOLOSA,CASTELLÓ DE LA PLANA,56,56,7.6,6.9,"[39.9868357, -0.029345]",20,27,34,37,39.9868357,-0.029345,
257,258,IES POLITÈCNIC,CASTELLÓ DE LA PLANA,39,38,7.3,6.2,"[39.9799644, -0.0465497]",19,27,36,37,39.9799644,-0.0465497,
258,259,CENTRE PRIVAT LA MAGDALENA ,CASTELLÓ DE LA PLANA,12,12,7.9,6.5,"[39.9863563, -0.0513246]",22,27,36,37,39.9863563,-0.0513246,
259,260,IES ELS PORTS,MORELLA,18,18,6.9,6.1,"[40.6211668, -0.1046257]",0,0,0,2,40.6211668,-0.1046257,
260,261,IES HONORI GARCIA,LA VALL D'UIXÓ,38,38,7.6,6.0,"[39.8194795, -0.2315716]",3,3,4,6,39.8194795,-0.2315716,
261,262,IES BOTÀNIC CAVANILLES,LA VALL D'UIXÓ,26,21,7.1,5.6,"[39.8197719, -0.2332976]",3,3,4,6,39.8197719,-0.2332976,
262,263,IES FRANCESC TÀRREGA,VILA-REAL,69,65,7.5,5.9,"[39.93797319999999, -0.0953522]",5,8,31,36,39.93797319999999,-0.0953522,
263,264,IES LEOPOLDO QUEROL,VINARÒS,63,62,7.1,6.5,"[40.4698997, 0.4568191]",1,1,2,2,40.4698997,0.4568191,
264,265,IES LLOMBAI,BORRIANA,59,54,7.6,6.1,"[39.884161, -0.0779617]",1,2,9,10,39.884161,-0.0779617,
265,266,IES JOAN COROMINES,BENICARLÓ,17,16,7.5,6.3,"[40.4141979, 0.4269359]",1,1,3,3,40.4141979,0.4269359,
266,267,IES MIRALCAMP,VILA-REAL,40,39,7.6,5.7,"[39.9384024, -0.115528]",4,8,20,35,39.9384024,-0.115528,
267,268,IES JOSÉ VILAPLANA,VINARÒS,24,23,7.5,7.0,"[40.4627649, 0.4487844]",0,1,2,2,40.4627649,0.4487844,
268,269,IES VICENT SOS BAYNAT,CASTELLÓ DE LA PLANA,52,51,7.2,6.4,"[39.9858971, -0.029743]",19,27,34,37,39.9858971,-0.029743,
269,270,IES ALTO PALANCIA,SEGORBE,112,112,7.8,6.7,"[39.842606, -0.490671]",0,1,1,1,39.842606,-0.490671,
270,271,CENTRE PRIVAT SANTA MARÍA,VILA-REAL,36,36,7.4,6.4,"[39.9258864, -0.1042199]",4,9,13,33,39.9258864,-0.1042199,
271,272,IES MIQUEL PERIS I SEGARRA,CASTELLÓ DE LA PLANA,24,23,7.2,5.8,"[39.9776077, 0.0082796]",3,20,30,35,39.9776077,0.0082796,
272,273,IES XIMÉN D'URREA,L'ALCORA,23,23,7.7,6.5,"[40.071606, -0.207615]",0,0,2,2,40.071606,-0.207615,
273,274,IES VICENT CASTELL I DOMÉNECH,CASTELLÓ DE LA PLANA,32,30,7.2,6.3,"[39.9751664, -0.0535497]",11,28,36,37,39.9751664,-0.0535497,
274,275,IES EL CAMINÀS,CASTELLÓ DE LA PLANA,51,49,7.3,6.2,"[39.9805167, -0.0283823]",18,27,35,37,39.9805167,-0.0283823,
275,276,IES SERRA D'IRTA,ALCALÀ DE XIVERT,18,18,7.3,5.9,"[40.3026327, 0.2226346]",0,0,0,1,40.3026327,0.2226346,
276,277,IES MAESTRAT,SANT MATEU,25,25,7.3,6.0,"[40.4660225, 0.1752978]",1,1,1,2,40.4660225,0.1752978,
277,278,CENTRE PRIVAT INTERNATIONAL SCHOOL PENISCOLA,PEÑÍSCOLA,3,3,6.2,6.1,"[40.391435, 0.405367]",0,2,2,2,40.391435,0.405367,
278,279,CENTRE PRIVAT DIOCESANO MATER DEI,CASTELLÓ DE LA PLANA,14,14,7.3,6.2,"[40.02760860000001, -0.006456]",0,5,31,31,40.02760860000001,-0.006456,
279,280,IES MATILDE SALVADOR,CASTELLÓ DE LA PLANA,40,40,7.6,6.7,"[39.9737047, -0.04821599999999999]",14,28,36,37,39.9737047,-0.04821599999999999,
280,281,IES VIOLANT DE CASALDUCH,BENICÀSSIM,64,59,7.3,5.8,"[40.050859, 0.057494]",1,2,3,5,40.050859,0.057494,
281,282,CENTRE PRIVAT TORRENOVA,BETXÍ,18,18,8.2,6.9,"[39.9389731, -0.1832727]",0,0,7,9,39.9389731,-0.1832727,
282,283,IES JUAN BAUTISTA PORCAR,CASTELLÓ DE LA PLANA,61,59,7.5,6.4,"[39.977194, -0.0429279]",19,28,36,37,39.977194,-0.0429279,
283,284,CENTRE PRIVAT MIRALVENT,BETXÍ,17,17,8.4,6.7,"[39.91399150000001, -0.2005909]",0,0,2,9,39.91399150000001,-0.2005909,
284,285,IES ALFRED AYZA,PENÍSCOLA,10,10,7.6,5.9,"[40.3650639, 0.3962139]",1,1,2,2,40.3650639,0.3962139,
285,286,IES EL PRAT,TORREBLANCA,9,9,7.6,6.9,"[40.2195793, 0.2039103]",1,1,1,1,40.2195793,0.2039103,
286,287,IES ALFONSO XIII,VALL D'ALBA,54,54,7.7,6.4,"[40.1809351, -0.0345718]",0,0,4,4,40.1809351,-0.0345718,
287,288,IES D'ALMENARA,ALMENARA,16,16,7.7,6.9,"[39.7518129, -0.2310679]",0,1,5,12,39.7518129,-0.2310679,
288,289,IES SERRA D'ESPADÀ,ONDA,68,67,7.6,6.3,"[39.9620071, -0.2742126]",1,3,4,7,39.9620071,-0.2742126,
289,290,IES GILABERT DE CENTELLES,NULES,50,49,7.5,6.6,"[39.8572247, -0.1582857]",0,0,6,7,39.8572247,-0.1582857,
290,291,CENTRE PRIVAT SAN CRISTÓBAL II ,CASTELLÓ DE LA PLANA,34,34,7.3,6.0,"[39.9819721, -0.0214278]",16,27,32,37,39.9819721,-0.0214278,
291,292,IES VILA-ROJA ,ALMASSORA,38,38,7.5,6.3,"[39.94526889999999, -0.0576164]",2,22,35,37,39.94526889999999,-0.0576164,
292,293,IES L'ALCALATÉN,L'ALCORA,10,10,7.6,7.2,"[40.0724408, -0.2156368]",0,0,2,4,40.0724408,-0.2156368,
293,294,IES PROFESSOR BROCH I LLOP,VILA-REAL,59,58,7.1,6.7,"[39.929139, -0.1012641]",4,9,19,35,39.929139,-0.1012641,
294,295,IES LA PLANA,CASTELLÓ DE LA PLANA,48,48,7.5,6.9,"[39.994415, -0.0327605]",17,27,33,37,39.994415,-0.0327605,
295,296,IES BENIGASLÓ,LA VALL D'UIXÓ,69,69,8.3,6.8,"[39.8209394, -0.2243756]",3,3,4,6,39.8209394,-0.2243756,
296,297,IES DE VILAFRANCA,VILAFRANCA,14,13,7.4,5.6,"[40.4302787, -0.2601835]",0,0,0,0,40.4302787,-0.2601835,
297,298,IES BOVALAR,CASTELLÓ DE LA PLANA,31,30,7.4,6.5,"[39.9916939, -0.0569159]",15,26,36,37,39.9916939,-0.0569159,
298,299,"CENTRE PRIVAT LLEDÓ, INTERNATIONAL SCHOOL",CASTELLÓ DE LA PLANA,20,20,7.6,7.2,"[40.0007055, -0.0227948]",6,27,32,36,40.0007055,-0.0227948,
299,300,IES TORRE DEL REI,ORPESA,7,7,7.5,7.3,"[40.0897747, 0.1342322]",0,0,1,2,40.0897747,0.1342322,
300,301,IES ANTONIO SEQUEROS,ALMORADÍ,56,55,7.9,6.8,"[38.1076785, -0.786455]",0,0,4,5,38.1076785,-0.786455,
301,302,IES BELLAGUARDA,ALTEA,48,45,7.2,6.0,"[38.6045553, -0.045632]",2,2,4,14,38.6045553,-0.045632,
302,303,CENTRE PRIVAT LOPE DE VEGA,BENIDORM,32,31,7.7,5.9,"[38.5441865, -0.1052167]",4,6,8,9,38.5441865,-0.1052167,
303,304,CENTRE PRIVAT ALMEDIA,CALLOSA DE SEGURA,39,39,8.1,7.3,"[38.654517, -0.1237711]",1,2,3,6,38.654517,-0.1237711,
304,305,IES VEGA BAJA,CALLOSA DE SEGURA,50,50,8.1,6.5,"[38.13219309999999, -0.8786706999999999]",1,3,11,12,38.13219309999999,-0.8786706999999999,
305,306,IES CANÓNIGO MANCHÓN,CREVILLENT,43,42,7.7,6.5,"[38.2414894, -0.8030997999999999]",1,1,1,7,38.2414894,-0.8030997999999999,
306,307,IES MACIÀ ABELA,CREVILLENT,60,60,7.9,7.2,"[38.2531644, -0.8020539999999999]",1,1,2,6,38.2531644,-0.8020539999999999,
307,308,IES HISTORIADOR CHABÀS,DÉNIA,94,90,7.5,6.6,"[38.8306072, 0.09998409999999999]",0,0,5,7,38.8306072,0.09998409999999999,
308,309,IES MARIA IBARS,DÉNIA,18,18,7.3,6.0,"[38.8439333, 0.0989569]",0,0,6,7,38.8439333,0.0989569,
309,310,CENTRE PRIVAT NUESTRA SEÑORA DEL CARMEN,ELX,76,76,7.3,6.9,"[38.2473818, -0.7189251]",1,6,6,7,38.2473818,-0.7189251,
310,311,CENTRE PRIVAT SANTA MARÍA,ELX,56,56,7.8,7.2,"[38.2671224, -0.6977046]",6,6,6,6,38.2671224,-0.6977046,
311,312,IES SIXTO MARCO,ELX,55,55,7.7,6.3,"[38.2664777, -0.6858310999999999]",4,6,6,6,38.2664777,-0.6858310999999999,
312,313,IES ASUNCIÓN DE NUESTRA SEÑORA,ELX,67,67,7.9,6.6,"[38.2615791, -0.6866386999999999]",4,6,6,6,38.2615791,-0.6866386999999999,
313,314,CENTRE PRIVAT SAN JOSÉ ARTESANO,ELX,75,73,7.6,6.2,"[38.25234, -0.7053499999999999]",2,6,6,7,38.25234,-0.7053499999999999,
314,315,IES ANTONI LLIDÓ,XÀBIA,32,30,7.7,6.5,"[38.7908909, 0.1592444]",1,1,3,4,38.7908909,0.1592444,
315,316,ESCUELA DE ARTE Y SUPERIOR DE DISEÑO DE ORIHUELA,ORIHUELA,16,14,7.2,5.6,"[38.097385, -0.9367530000000001]",6,7,10,10,38.097385,-0.9367530000000001,
316,317,CENTRO PRIVADO DIOCESANO SANTO DOMINGO,ORIHUELA,120,111,7.8,6.2,"[38.0893332, -0.9410848]",5,9,10,10,38.0893332,-0.9410848,
317,318,IES GABRIEL MIRÓ,ORIHUELA,107,93,7.7,5.7,"[38.0911407, -0.938214]",5,8,10,10,38.0911407,-0.938214,
318,319,IES EL PALMERAL,ORIHUELA,35,26,7.6,5.4,"[38.0934134, -0.9380563]",5,8,10,10,38.0934134,-0.9380563,
319,320,CENTRO PRIVADO SEMINARIO DIOCESANO S. MIGUEL,ORIHUELA,3,3,7.9,6.9,"[38.0878574, -0.9469605999999999]",5,8,10,10,38.0878574,-0.9469605999999999,
320,321,IES ENRIC VALOR,PEGO,41,39,7.6,6.1,"[38.8448092, -0.1124998]",2,2,4,10,38.8448092,-0.1124998,
321,322,IES LAS LAGUNAS,TORREVIEJA,31,29,7.5,6.1,"[37.9940667, -0.674055]",1,2,4,5,37.9940667,-0.674055,
322,323,IES NÚMERO 1 - LIBERTAS,TORREVIEJA,18,18,7.5,6.2,"[38.0038219, -0.6712905]",0,2,3,4,38.0038219,-0.6712905,
323,324,CENTRO PRIVADO LA PURÍSIMA,TORREVIEJA,44,42,7.8,6.0,"[37.9906382, -0.6716983999999999]",1,2,4,5,37.9906382,-0.6716983999999999,
324,325,IES MARCOS ZARAGOZA,LA VILA JOIOSA,23,23,7.5,6.2,"[38.504964, -0.2410391]",2,2,2,2,38.504964,-0.2410391,
325,326,IES LA MALLADETA,LA VILA JOIOSA,36,35,7.6,6.2,"[38.5122408, -0.2269212]",2,2,2,5,38.5122408,-0.2269212,
326,327,IES CARRÚS,ELX,64,64,7.6,6.3,"[38.2683245, -0.7094258999999999]",4,6,6,9,38.2683245,-0.7094258999999999,
327,328,IES LA TORRETA,ELX,19,19,7.4,6.8,"[38.2557384, -0.6921295]",4,6,6,6,38.2557384,-0.6921295,
328,329,IES PERE MARIA ORTS I BOSCH,BENIDORM,37,37,7.5,6.6,"[38.5535363, -0.1213448]",2,6,7,9,38.5535363,-0.1213448,
329,330,IES PEDRO IBARRA RUIZ,ELX,21,21,7.5,6.0,"[38.26225, -0.68404]",4,6,6,6,38.26225,-0.68404,
330,331,IES CAP DE L'ALJUB,SANTA POLA,30,30,7.4,6.6,"[38.194465, -0.544971]",1,2,3,3,38.194465,-0.544971,
331,332,IES LLOIX,SANT JOAN D'ALACANT,35,34,7.3,6.6,"[38.3924917, -0.4424464]",5,12,40,45,38.3924917,-0.4424464,
332,333,IES SANTA POLA,SANTA POLA,36,36,7.8,6.4,"[38.194456, -0.547828]",1,2,3,3,38.194456,-0.547828,
333,334,IES LUIS GARCÍA BERLANGA,SANT JOAN D'ALACANT,24,23,7.7,6.3,"[38.409684, -0.435816]",5,8,21,44,38.409684,-0.435816,
334,335,IES AZUD DE ALFEITAMI,ALMORADÍ,30,29,7.9,6.5,"[38.1126554, -0.7862134]",0,0,4,4,38.1126554,-0.7862134,
335,336,IES ALTAIA,ALTEA,22,21,7.3,6.4,"[38.5999048, -0.05544669999999999]",2,3,4,11,38.5999048,-0.05544669999999999,
336,337,IES L'ALMADRAVA,BENIDORM,11,10,7.1,5.5,"[38.554608, -0.122854]",2,6,7,9,38.554608,-0.122854,
337,338,CENTRE PRIVAT AITANA,ELX,37,37,7.7,7.3,"[38.2971153, -0.5680218]",0,0,5,28,38.2971153,-0.5680218,
338,339,IES LAS ESPEÑETAS,ORIHUELA,13,13,8.1,5.6,"[38.0908127, -0.9540327999999999]",5,8,10,10,38.0908127,-0.9540327999999999,
339,340,IES JOSEP IBORRA,BENISSA,42,42,7.7,6.5,"[38.7164428, 0.05561319999999999]",0,1,5,9,38.7164428,0.05561319999999999,
340,341,IES MONTSERRAT ROIG,ELX,26,26,7.3,6.6,"[38.2790897, -0.7066333]",3,6,6,9,38.2790897,-0.7066333,
341,342,IES BERNAT DE SARRIÀ,BENIDORM,28,28,7.2,5.6,"[38.55558200000001, -0.121064]",2,6,9,9,38.55558200000001,-0.121064,
342,343,IES TIRANT LO BLANC,ELX,42,42,7.8,7.6,"[38.2598614, -0.715309]",3,6,6,7,38.2598614,-0.715309,
343,344,IES SANTIAGO GRISOLIA,CALLOSA D'EN SARRIÀ,18,16,7.9,6.3,"[38.1181516, -0.8722213999999999]",1,3,12,12,38.1181516,-0.8722213999999999,
344,345,IES SEVERO OCHOA,ELX,18,18,7.5,6.5,"[38.2799275, -0.7161221999999999]",2,6,6,9,38.2799275,-0.7161221999999999,
345,346,IES SAN PASCUAL,DOLORES,26,25,7.6,5.9,"[38.1356071, -0.7676463]",0,1,3,4,38.1356071,-0.7676463,
346,347,IES LES DUNES,GUARDAMAR DEL SEGURA,66,65,7.8,6.6,"[38.0871739, -0.6560389999999999]",0,0,3,3,38.0871739,-0.6560389999999999,
347,348,IES NÚMERO 1,XÀBIA,36,34,7.5,5.8,"[38.7888702, 0.1782966]",1,1,1,4,38.7888702,0.1782966,
348,349,IES THÁDER,ORIHUELA,46,43,8.0,6.6,"[38.0762237, -0.9500856]",5,7,9,10,38.0762237,-0.9500856,
349,350,IES CAYETANO SEMPERE,ELX,62,60,7.6,6.4,"[38.262513, -0.6862164]",4,6,6,6,38.262513,-0.6862164,
350,351,IES ANTONIO SERNA SERNA,ALBATERA,55,55,7.9,6.6,"[38.1853865, -0.8700494999999999]",2,2,4,7,38.1853865,-0.8700494999999999,
351,352,IES IFACH ,CALP,42,42,7.4,6.6,"[38.6481342, 0.0483576]",5,5,5,5,38.6481342,0.0483576,
352,353,IES THIAR,PILAR DE LA HORADADA,54,49,7.7,5.8,"[37.85697, -0.7886205]",1,1,3,4,37.85697,-0.7886205,
353,354,IES VICTORIA KENT,ELX,39,39,7.5,6.8,"[38.2679853, -0.6768472999999999]",3,6,6,6,38.2679853,-0.6768472999999999,
354,355,IES BEATRIU FAJARDO DE MENDOZA,BENIDORM,50,50,7.2,6.2,"[38.5550939, -0.1199805]",2,6,9,9,38.5550939,-0.1199805,
355,356,IES MIGUEL HERNÁNDEZ,BIGASTRO,25,23,8.1,5.9,"[38.06367840000001, -0.9057740999999999]",1,7,10,10,38.06367840000001,-0.9057740999999999,
356,357,IES RODOLFO LLOPIS,CALLOSA D'EN SARRIÀ,13,13,7.3,6.0,"[38.655302, -0.1198009]",1,2,3,6,38.655302,-0.1198009,
357,358,IES CATRAL,CATRAL,26,26,8.3,7.6,"[38.1649113, -0.8019489]",1,1,4,5,38.1649113,-0.8019489,
358,359,IES JOANOT MARTORELL,ELX,35,33,7.9,5.8,"[38.2783603, -0.7142077]",2,6,6,9,38.2783603,-0.7142077,
359,360,IES NIT DE L'ALBÀ,ELX,66,66,7.6,6.6,"[38.2636223, -0.7147926]",3,6,6,9,38.2636223,-0.7147926,
360,361,IES MISTERI D'ELX,ELX,86,86,7.5,7.4,"[38.2737464, -0.6896547]",4,6,6,6,38.2737464,-0.6896547,
361,362,IES LOS ALCORES,SAN MIGUEL DE LAS SALINAS,21,21,8.1,7.1,"[37.9755218, -0.7912964]",0,0,2,7,37.9755218,-0.7912964,
362,363,IES MARE NOSTRUM,TORREVIEJA,36,36,7.4,6.7,"[37.9988416, -0.6788358999999999]",0,2,4,4,37.9988416,-0.6788358999999999,
363,364,IES BENEJÚZAR,BENEJÚZAR,29,28,8.2,6.7,"[38.0653, -0.835699]",0,0,2,10,38.0653,-0.835699,
364,365,IES LA ENCANTÁ,ROJALES,33,33,7.9,6.7,"[38.090353, -0.720162]",2,2,3,4,38.090353,-0.720162,
365,366,IES XEBIC,ONDARA,23,23,7.7,7.2,"[38.8329347, 0.0191101]",3,4,5,7,38.8329347,0.0191101,
366,367,IES TORRELLANO,ELX,35,33,8.0,6.7,"[38.2951434, -0.584745]",0,0,3,14,38.2951434,-0.584745,
367,368,IES LA FOIA D'ELX,ELX,41,41,7.7,7.4,"[38.2111665, -0.684792]",0,0,6,7,38.2111665,-0.684792,
368,369,IES MATEMÀTIC VICENT CASELLES COSTA,GATA DE GORGOS,26,26,7.9,6.6,"[38.7758936, 0.0892729]",2,2,5,5,38.7758936,0.0892729,
369,370,IES LA NUCIA,LA NÚCIA,32,32,7.6,6.5,"[38.6110725, -0.1300281]",1,3,6,11,38.6110725,-0.1300281,
370,371,IES L'ARABÍ,ALFÀS DEL PI,37,37,7.7,6.1,"[38.5763516, -0.0970795]",1,7,9,10,38.5763516,-0.0970795,
371,372,IES MEDITERRÀNIA,BENIDORM,23,23,7.5,6.1,"[38.541252, -0.15124]",1,5,7,9,38.541252,-0.15124,
372,373,IES DE PEDREGUER,PEDREGUER,26,26,7.8,6.6,"[38.7968336, 0.0452162]",1,3,6,7,38.7968336,0.0452162,
373,374,IES JAIME DE SANT-ÁNGEL,REDOVÁN,24,23,7.8,5.2,"[38.11309749999999, -0.9095261999999998]",2,8,9,12,38.11309749999999,-0.9095261999999998,
374,375,IES MARINA BAIXA,LA VILA JOIOSA,30,29,8.2,7.0,"[38.504964, -0.2410391]",2,2,2,2,38.504964,-0.2410391,
375,376,IES DE COX,COX,22,22,7.8,6.9,"[38.1452177, -0.8828484]",0,4,7,12,38.1452177,-0.8828484,
376,377,IES DE TEULADA,TEULADA,39,38,7.8,6.3,"[38.73091549999999, 0.1019295]",1,1,3,5,38.73091549999999,0.1019295,
377,378,CENTRE PRIVAT NEWTON COLLEGE SECUNDARIA,ELX,20,20,7.8,6.8,"[38.273886, -0.6374215999999999]",0,3,6,6,38.273886,-0.6374215999999999,
378,379,IES DE RAFAL,RAFAL,23,23,7.9,6.2,"[38.1012338, -0.8498869]",0,1,6,12,38.1012338,-0.8498869,
379,380,IES MEDITERRÁNEO,TORREVIEJA,49,47,7.6,6.1,"[37.9913372, -0.6663053]",1,2,4,5,37.9913372,-0.6663053,
380,381,IES SORTS DE LA MAR,DÉNIA,46,46,7.5,7.2,"[38.8329284, 0.1146661]",0,0,3,7,38.8329284,0.1146661,
381,382,IES PLAYA FLAMENCA,ORIHUELA,21,20,8.1,6.1,"[37.938146, -0.743841]",1,4,6,8,37.938146,-0.743841,
382,383,IES TORREVIGÍA,TORREVIEJA,33,32,7.1,5.9,"[37.999067, -0.6957114999999999]",0,2,4,6,37.999067,-0.6957114999999999,
383,384,CENTRE PRIVAT LA DEVESA,ELX,18,18,8.4,7.0,"[38.2684707, -0.6723681]",3,6,6,6,38.2684707,-0.6723681,
384,385,IES PARE VITÒRIA,ALCOI,74,72,7.6,6.3,"[38.6880787, -0.4763191000000001]",2,3,4,4,38.6880787,-0.4763191000000001,
385,386,IES COTES BAIXES,ALCOI,82,81,7.8,6.4,"[38.7136933, -0.4626469]",1,4,4,4,38.7136933,-0.4626469,
386,387,CENTRE PRIVAT LA SALLE,ALCOI,27,27,8.1,6.7,"[38.7070552, -0.4786021]",3,3,4,5,38.7070552,-0.4786021,
387,388,CENTRE PRIVAT SANT ROC,ALCOI,29,29,8.1,6.9,"[38.6987055, -0.4812354]",3,3,4,4,38.6987055,-0.4812354,
388,389,IES JAIME II ,ALACANT,51,50,7.8,6.6,"[38.362527, -0.4701940000000001]",9,33,44,46,38.362527,-0.4701940000000001,
389,390,CENTRE PRIVAT INMACULADA,ALACANT,89,85,8.0,6.4,"[38.3603174, -0.4638181]",6,32,42,46,38.3603174,-0.4638181,
390,391,CENTRE PRIVAT CEU JESÚS MARÍA,ALACANT,66,64,8.1,6.4,"[38.3678946, -0.4559368]",1,35,42,46,38.3678946,-0.4559368,
391,392,CENTRE PRIVAT MARÍA AUXILIADORA,ALACANT,30,27,7.8,6.0,"[38.3459963, -0.4906855]",25,31,41,44,38.3459963,-0.4906855,
392,393,CENTRE PRIVAT SANTA MARÍA DEL CARMEN ,ALACANT,28,27,8.0,5.9,"[38.362256, -0.501691]",8,33,43,44,38.362256,-0.501691,
393,394,CENTRE PRIVAT SAGRADO CORAZÓN HH.MARISTAS,ALACANT,95,94,8.1,6.5,"[38.3567087, -0.5058289]",11,33,41,44,38.3567087,-0.5058289,
394,395,CENTRE PRIVAT SAGRADOS CORAZONES,ALACANT,18,18,7.2,6.2,"[38.36058939999999, -0.4679261]",8,33,44,46,38.36058939999999,-0.4679261,
395,396,CENTRE PRIVAT SAN AGUSTÍN,ALACANT,84,82,7.5,6.3,"[38.3715468, -0.4759525]",5,36,44,46,38.3715468,-0.4759525,
396,397,CENTRE PRIVAT SAN JOSÉ DE CAROLINAS,ALACANT,29,26,7.1,5.7,"[38.3601709, -0.4803657]",23,33,44,44,38.3601709,-0.4803657,
397,398,CENTRE PRIVAT SANTA TERESAVISTAHERMOSA,ALACANT,30,30,7.6,6.2,"[38.3642942, -0.463242]",2,34,44,46,38.3642942,-0.463242,
398,399,CENTRE PRIVAT DON BOSCO -SALESIANOS ,ALACANT,90,89,7.7,6.4,"[38.346111, -0.4932829]",25,31,41,44,38.346111,-0.4932829,
399,400,CENTRE PRIVAT CALASANCIO ,ALACANT,38,31,7.6,5.2,"[38.3571559, -0.4695897]",17,33,44,46,38.3571559,-0.4695897,
400,401,IES JORGE JUAN ,ALACANT,43,39,7.4,5.6,"[38.3494144, -0.4931191999999999]",27,31,42,44,38.3494144,-0.4931191999999999,
401,402,IES MIGUEL HERNÁNDEZ ,ALACANT,41,35,7.2,5.8,"[38.3504952, -0.4947301]",26,32,42,44,38.3504952,-0.4947301,
402,403,IES FIGUERAS PACHECO ,ALACANT,115,100,7.3,5.5,"[38.3401323, -0.5114044]",8,31,38,44,38.3401323,-0.5114044,
403,404,IES ANTONIO JOSÉ CAVANILLES ,ALACANT,25,20,7.5,4.9,"[38.3392515, -0.5077184]",11,31,38,44,38.3392515,-0.5077184,
404,405,IES LA NÍA,ASPE,36,35,7.7,5.9,"[38.3384837, -0.7673234]",2,2,3,6,38.3384837,-0.7673234,
405,406,IES PADRE ARQUÉS,COCENTAINA,32,30,8.3,6.4,"[38.735966, -0.436288]",1,2,4,4,38.735966,-0.436288,
406,407,CENTRO PRIVADO SAGRADA FAMILIA,ELDA,42,42,7.7,6.4,"[38.4616539, -0.7828075]",2,3,3,3,38.4616539,-0.7828075,
407,408,CENTRO PRIVADO SANTA MARÍA DEL CARMEN,ELDA,24,24,8.2,6.2,"[38.4726826, -0.788584]",2,3,3,3,38.4726826,-0.788584,
408,409,IES AZORÍN,PETRER,48,46,7.2,5.7,"[38.4769429, -0.7836245]",2,3,3,3,38.4769429,-0.7836245,
409,410,IES LA MELVA,ELDA,42,42,7.6,6.2,"[38.4777885, -0.8045070999999999]",2,3,3,3,38.4777885,-0.8045070999999999,
410,411,IES LA TORRETA,ELDA,37,34,7.6,5.3,"[38.4667183, -0.7912962]",2,3,3,3,38.4667183,-0.7912962,
411,412,IES FRAY IGNACIO BARRACHINA,IBI,50,50,7.7,6.6,"[38.6178172, -0.5913368999999999]",0,0,0,1,38.6178172,-0.5913368999999999,
412,413,IES LA FOIA,IBI,18,18,7.6,6.4,"[38.61842499999999, -0.5902379999999999]",0,0,0,1,38.61842499999999,-0.5902379999999999,
413,414,IES DE XIXONA,XIXONA,21,21,7.6,6.2,"[38.5431622, -0.5004023]",1,1,2,2,38.5431622,-0.5004023,
414,415,CENTRE PRIVAT PADRE DEHÓN ,NOVELDA,53,52,7.9,6.5,"[38.38561, -0.769386]",0,3,3,5,38.38561,-0.769386,
415,416,IES LA MOLA,NOVELDA,56,56,7.3,5.7,"[38.3863401, -0.7576774]",0,3,3,4,38.3863401,-0.7576774,
416,417,IES MARHUENDA PRATS,EL PINÓS,12,11,7.8,5.9,"[38.4001578, -1.038753]",0,0,0,0,38.4001578,-1.038753,
417,418,IES SAN VICENTE,SANT VICENT DEL RASPEIG,84,82,7.5,5.8,"[38.4044399, -0.5295619]",5,7,39,43,38.4044399,-0.5295619,
418,419,IES HERMANOS AMORÓS ,VILLENA,44,44,7.9,6.3,"[38.6438804, -0.8735132999999999]",1,1,1,1,38.6438804,-0.8735132999999999,
419,420,IES ANTONIO NAVARRO SANTAFÉ,VILLENA,36,29,7.8,5.4,"[38.62563069999999, -0.8590614]",1,1,1,1,38.62563069999999,-0.8590614,
420,421,IES EL VINALOPÓ ,NOVELDA,30,28,7.5,5.7,"[38.380985, -0.775169]",0,3,3,4,38.380985,-0.775169,
421,422,IES VIRGEN DEL REMEDIO ,ALACANT,25,20,7.4,5.0,"[38.3773366, -0.4907078]",4,35,44,46,38.3773366,-0.4907078,
422,423,IES LEONARDO DA VINCI ,ALACANT,14,12,7.3,5.1,"[38.3769024, -0.4916436]",4,35,44,46,38.3769024,-0.4916436,
423,424,IES MONASTIL,ELDA,36,34,7.9,6.0,"[38.4803545, -0.8044418]",2,3,3,3,38.4803545,-0.8044418,
424,425,IES ANDREU SEMPERE ,ALCOI,44,43,7.5,6.2,"[38.703366, -0.482529]",3,3,4,5,38.703366,-0.482529,
425,426,CENTRE PRIVAT C.E.B.A.T. C. EST. BÁSICOS ATLAS,MUTXAMEL,8,8,7.4,6.1,"[38.40497, -0.45997]",0,9,44,46,38.40497,-0.45997,
426,427,CENTRE PRIVAT ALTOZANO,ALACANT,23,23,8.2,7.2,"[38.3557645, -0.5023525999999999]",16,33,41,44,38.3557645,-0.5023525999999999,
427,428,IES SAN BLAS,ALACANT,83,81,7.5,6.2,"[38.3577485, -0.5078813999999999]",6,33,41,44,38.3577485,-0.5078813999999999,
428,429,IES BAHÍA DE BABEL,ALACANT,31,30,7.3,6.1,"[38.3345631, -0.5097819]",7,30,36,42,38.3345631,-0.5097819,
429,430,IES CABO DE LA HUERTA,ALACANT,65,64,7.6,6.4,"[38.3586884, -0.4308062]",1,21,39,41,38.3586884,-0.4308062,
430,431,IES MARE NOSTRUM,ALACANT,42,41,7.8,6.0,"[38.3332795, -0.5129722]",4,29,36,40,38.3332795,-0.5129722,
431,432,IES ENRIC VALOR,MONÒVER,48,45,7.5,5.9,"[38.4327666, -0.8432902]",0,1,3,3,38.4327666,-0.8432902,
432,433,IES CLOT DE L'ILLOT,CAMPELLO,15,14,7.5,5.9,"[38.42602, -0.39206]",2,7,8,11,38.42602,-0.39206,
433,434,IES ENRIC VALOR ,CASTALLA,24,24,7.4,6.7,"[38.5897267, -0.6705795999999999]",0,0,0,0,38.5897267,-0.6705795999999999,
434,435,IES 8 DE MARZO,ALACANT,42,40,7.6,6.0,"[38.3613235, -0.5033485999999999]",8,33,43,44,38.3613235,-0.5033485999999999,
435,436,IES HAYGÓN,SANT VICENT DEL RASPEIG,36,34,7.7,6.1,"[38.383193, -0.502777]",2,35,44,44,38.383193,-0.502777,
436,437,IES PROFESSOR MANUEL BROSETA,BAYERES DE MARIOLA,37,37,7.9,6.9,"[38.72426069999999, -0.6663574]",1,1,1,1,38.72426069999999,-0.6663574,
437,438,IES PASCUAL CARRIÓN,SAX,24,24,7.8,6.3,"[38.5308698, -0.8241354999999999]",0,0,3,3,38.5308698,-0.8241354999999999,
438,439,IES PLAYA SAN JUAN,ALACANT,91,84,7.0,5.8,"[38.373634, -0.4201678]",1,7,38,41,38.373634,-0.4201678,
439,440,IES DOCTOR BALMIS,ALACANT,43,41,7.3,5.8,"[38.3619991, -0.4909873]",17,32,44,44,38.3619991,-0.4909873,
440,441,IES LA CREUETA,ONIL,25,25,8.0,6.8,"[38.628467, -0.6627609999999999]",0,0,0,1,38.628467,-0.6627609999999999,
441,442,IES POETA PACO MOLLÀ,PETRER,53,53,7.0,6.3,"[38.4787106, -0.7791151]",2,3,3,3,38.4787106,-0.7791151,
442,443,IES LAS LOMAS,ALACANT,5,5,8.1,6.0,"[38.37777579999999, -0.4824904]",4,34,44,46,38.37777579999999,-0.4824904,
443,444,IES MUTXAMEL,MUTXAMEL,36,35,7.7,6.0,"[38.4072226, -0.4471538]",6,10,38,45,38.4072226,-0.4471538,
444,445,IES LAS FUENTES,VILLENA,56,56,7.8,6.5,"[38.6449482, -0.872114]",1,1,1,1,38.6449482,-0.872114,
445,446,IES VILLA DE ASPE,ASPE,34,34,7.8,6.2,"[38.336286, -0.7663949999999999]",2,2,3,7,38.336286,-0.7663949999999999,
446,447,IES ENRIC VALOR,CAMPELLO,36,32,7.2,5.7,"[38.4216663, -0.3973155]",2,7,9,14,38.4216663,-0.3973155,
447,448,IES SERRA MARIOLA,MURO DE ALCOY,52,51,7.7,6.0,"[38.7850651, -0.4303062]",0,1,2,4,38.7850651,-0.4303062,
448,449,IES DE BIAR,BIAR,40,39,8.2,6.4,"[38.628789, -0.754601]",0,0,0,1,38.628789,-0.754601,
449,450,IES GRAN VIA,ALACANT,4,2,6.8,4.1,"[38.369306, -0.4809298]",7,34,44,46,38.369306,-0.4809298,
450,451,IES NOU DERRAMADOR,IBI,26,23,7.1,5.6,"[38.619708, -0.5860411999999999]",0,0,0,1,38.619708,-0.5860411999999999,
451,452,IES RADIO EXTERIOR,ALACANT,37,31,7.1,5.4,"[38.365054, -0.421336]",1,7,38,41,38.365054,-0.421336,
452,453,IES LAS NORIAS,MONFORTE DEL CID,15,14,8.0,6.1,"[38.3833505, -0.7286459]",1,1,3,3,38.3833505,-0.7286459,
453,454,IES LA CANAL,PETRER,29,29,7.6,6.8,"[38.485605, -0.7798309999999999]",2,3,3,3,38.485605,-0.7798309999999999,
454,455,IES GAIA ,SANT VICENT DEL RASPEIG,40,40,7.4,6.1,"[38.3961781, -0.5154654]",3,9,43,44,38.3961781,-0.5154654,
455,456,IES EL PLA,ALACANT,14,12,7.2,5.8,"[38.3611736, -0.4684723]",8,33,44,46,38.3611736,-0.4684723,
456,457,ES L'ALLUSSER,MUTXAMEL,28,24,7.3,5.0,"[38.4209557, -0.4456107]",1,8,15,44,38.4209557,-0.4456107,
457,458,CENTRO PRIVADO SAN ALBERTO MAGNO ,MONFORTE DEL CID,8,8,8.4,5.8,"[38.38134, -0.7189599999999999]",1,1,3,3,38.38134,-0.7189599999999999,
458,459,IES MARÍA BLASCO ,SANT VICENT DEL RASPEIG,50,49,7.5,5.5,"[38.3905117, -0.5212411]",3,11,42,44,38.3905117,-0.5212411,
459,460,CENTRE PRIVAT EL VALLE ,ALACANT,10,10,7.9,6.9,"[38.5793, -0.1033]",1,5,9,10,38.5793,-0.1033,
460,461,CENTRE PRIVAT ÁNGEL DE LA GUARDA III ,ALACANT,38,38,7.8,6.2,"[38.3666306, -0.4544057]",1,35,40,46,38.3666306,-0.4544057,
